,YEAR,TEAM,SEED,March Madness Wins
1078,2008,Xavier,3,3
1077,2008,Wisconsin,3,2
1076,2008,Winthrop,13,0
1043,2008,Miami FL,7,1
1044,2008,Michigan St.,5,2
1045,2008,Mississippi St.,8,1
1046,2008,Mississippi Valley St.,16,0
1015,2008,Arizona,10,0
1016,2008,Arkansas,9,1
1017,2008,Austin Peay,15,0
1018,2008,Baylor,11,0
1019,2008,Belmont,15,0
1020,2008,Boise St.,14,0
1021,2008,Butler,7,1
1022,2008,BYU,8,0
1023,2008,Cal St. Fullerton,14,0
1024,2008,Clemson,5,0
1025,2008,Connecticut,4,0
1026,2008,Coppin St.,16,0
1029,2008,Drake,5,0
1068,2008,UNLV,8,1
1072,2008,Villanova,12,2
1070,2008,UT Arlington,16,0
1071,2008,Vanderbilt,4,0
1065,2008,Texas A&M,9,1
1064,2008,Texas,2,3
1062,2008,Temple,12,0
1063,2008,Tennessee,2,2
1061,2008,Stanford,3,2
1067,2008,UMBC,15,0
1066,2008,UCLA,1,4
1069,2008,USC,6,0
1075,2008,Western Kentucky,12,2
1031,2008,George Mason,12,0
1032,2008,Georgetown,2,1
1033,2008,Georgia,14,0
1035,2008,Indiana,8,0
1034,2008,Gonzaga,7,0
1036,2008,Kansas,1,6
1037,2008,Kansas St.,11,1
1041,2008,Marquette,6,1
1038,2008,Kent St.,9,0
1039,2008,Kentucky,11,0
1040,2008,Louisville,3,3
1042,2008,Memphis,1,5
1060,2008,South Alabama,10,0
1059,2008,Siena,13,1
1014,2008,American,15,0
1058,2008,San Diego,13,1
1027,2008,Cornell,14,0
1028,2008,Davidson,10,3
1053,2008,Pittsburgh,4,1
1030,2008,Duke,2,1
1057,2008,Saint Mary's,10,0
1055,2008,Purdue,6,1
1056,2008,Saint Joseph's,11,0
1050,2008,Oklahoma,6,1
1051,2008,Oral Roberts,13,0
1052,2008,Oregon,9,0
1048,2008,North Carolina,1,4
1054,2008,Portland St.,16,0
1047,2008,Mount St. Mary's,16,0
1049,2008,Notre Dame,5,1
1073,2008,Washington St.,4,2
1074,2008,West Virginia,7,2
974,2009,Marquette,6,1
975,2009,Maryland,10,1
972,2009,Louisville,1,3
971,2009,Kansas,3,2
970,2009,Illinois,5,0
973,2009,LSU,8,1
968,2009,Florida St.,5,0
967,2009,East Tennessee St.,16,0
966,2009,Duke,2,2
965,2009,Dayton,11,1
964,2009,Cornell,14,0
963,2009,Connecticut,1,4
994,2009,Robert Morris,15,0
969,2009,Gonzaga,4,2
992,2009,Purdue,5,2
991,2009,Portland St.,13,0
990,2009,Pittsburgh,1,3
989,2009,Oklahoma St.,8,1
988,2009,Oklahoma,2,3
987,2009,Ohio St.,8,0
986,2009,Northern Iowa,12,0
985,2009,North Dakota St.,14,0
984,2009,North Carolina,1,6
983,2009,Morgan St.,15,0
982,2009,Morehead St.,16,0
981,2009,Missouri,3,3
980,2009,Mississippi St.,13,0
979,2009,Minnesota,10,0
1010,2009,West Virginia,6,0
993,2009,Radford,16,0
1008,2009,Wake Forest,4,0
1007,2009,Villanova,3,4
1006,2009,VCU,11,0
1005,2009,Utah St.,11,0
1004,2009,Utah,5,0
1003,2009,USC,10,1
1002,2009,UCLA,6,1
1001,2009,Texas A&M,9,1
1000,2009,Texas,7,1
999,2009,Tennessee,9,0
998,2009,Temple,11,0
997,2009,Syracuse,3,2
996,2009,Stephen F. Austin,14,0
976,2009,Memphis,2,2
977,2009,Michigan,10,1
978,2009,Michigan St.,2,5
949,2009,Akron,13,0
961,2009,Clemson,7,0
960,2009,Chattanooga,16,0
959,2009,California,7,0
958,2009,Cal St. Northridge,15,0
957,2009,BYU,8,0
956,2009,Butler,9,0
955,2009,Boston College,7,0
954,2009,Binghamton,15,0
953,2009,Arizona St.,6,1
952,2009,Arizona,12,2
951,2009,American,14,0
950,2009,Alabama St.,16,0
1012,2009,Wisconsin,12,1
1011,2009,Western Kentucky,12,1
1009,2009,Washington,4,1
995,2009,Siena,9,1
1013,2009,Xavier,4,2
962,2009,Cleveland St.,13,1
902,2010,Lehigh,16,0
901,2010,Kentucky,1,3
900,2010,Kansas St.,2,3
899,2010,Kansas,1,1
930,2010,Syracuse,1,2
929,2010,Siena,13,0
928,2010,San Diego St.,11,0
927,2010,Sam Houston St.,14,0
926,2010,Saint Mary's,10,2
925,2010,Robert Morris,15,0
924,2010,Richmond,7,0
923,2010,Purdue,4,2
922,2010,Pittsburgh,3,1
921,2010,Old Dominion,11,1
920,2010,Oklahoma St.,7,0
919,2010,Ohio St.,2,2
886,2010,Butler,5,5
885,2010,Baylor,3,3
884,2010,Arkansas Pine Bluff,16,0
914,2010,North Texas,15,0
912,2010,New Mexico,3,1
913,2010,New Mexico St.,12,0
911,2010,Murray St.,13,1
910,2010,Morgan St.,15,0
906,2010,Michigan St.,5,4
909,2010,Montana,14,0
908,2010,Missouri,10,1
907,2010,Minnesota,11,0
904,2010,Marquette,6,0
905,2010,Maryland,4,1
903,2010,Louisville,9,0
895,2010,Georgetown,3,0
890,2010,Cornell,12,2
896,2010,Georgia Tech,10,1
897,2010,Gonzaga,8,1
898,2010,Houston,13,0
891,2010,Duke,1,6
892,2010,East Tennessee St.,16,0
893,2010,Florida,10,0
894,2010,Florida St.,9,0
888,2010,California,8,1
889,2010,Clemson,7,0
887,2010,BYU,7,1
945,2010,Winthrop,16,0
946,2010,Wisconsin,4,1
915,2010,Northern Iowa,9,2
916,2010,Notre Dame,6,0
918,2010,Ohio,14,1
934,2010,Texas A&M,5,1
935,2010,UC Santa Barbara,15,0
936,2010,UNLV,8,0
937,2010,Utah St.,12,0
938,2010,UTEP,12,0
939,2010,Vanderbilt,4,0
940,2010,Vermont,16,0
941,2010,Villanova,2,1
942,2010,Wake Forest,9,1
943,2010,Washington,11,2
944,2010,West Virginia,2,4
917,2010,Oakland,14,0
948,2010,Xavier,6,2
931,2010,Temple,5,0
932,2010,Tennessee,6,3
933,2010,Texas,8,0
947,2010,Wofford,13,0
871,2011,UNC Asheville,16,0
873,2011,USC,11,0
872,2011,UNLV,8,0
875,2011,UTSA,16,0
876,2011,Vanderbilt,5,0
877,2011,VCU,11,4
878,2011,Villanova,9,0
879,2011,Washington,7,1
880,2011,West Virginia,5,1
881,2011,Wisconsin,4,2
874,2011,Utah St.,12,0
851,2011,Notre Dame,2,1
852,2011,Oakland,13,0
853,2011,Ohio St.,1,2
854,2011,Old Dominion,9,0
867,2011,Texas A&M,7,0
838,2011,Kansas St.,5,1
836,2011,Indiana St.,14,0
837,2011,Kansas,1,3
866,2011,Texas,4,1
865,2011,Tennessee,9,0
864,2011,Temple,7,1
835,2011,Illinois,9,1
862,2011,St. John's,6,0
861,2011,San Diego St.,2,2
860,2011,Saint Peter's,14,0
882,2011,Wofford,14,0
858,2011,Purdue,3,1
857,2011,Princeton,13,0
856,2011,Pittsburgh,1,1
863,2011,Syracuse,3,1
839,2011,Kentucky,4,4
840,2011,Little Rock,16,0
841,2011,LIU Brooklyn,15,0
842,2011,Louisville,4,0
843,2011,Marquette,11,2
844,2011,Memphis,12,0
845,2011,Michigan,8,1
846,2011,Michigan St.,10,0
847,2011,Missouri,11,0
848,2011,Morehead St.,13,1
849,2011,North Carolina,2,3
850,2011,Northern Colorado,15,0
819,2011,Belmont,13,0
820,2011,Boston University,16,0
821,2011,Bucknell,14,0
822,2011,Butler,8,5
855,2011,Penn St.,10,0
823,2011,BYU,3,2
825,2011,Clemson,12,0
824,2011,Cincinnati,6,1
828,2011,Florida,2,3
827,2011,Duke,1,2
829,2011,Florida St.,10,2
826,2011,Connecticut,3,6
834,2011,Hampton,16,0
831,2011,Georgetown,6,0
832,2011,Georgia,10,0
859,2011,Richmond,12,2
870,2011,UCLA,7,1
869,2011,UC Santa Barbara,15,0
868,2011,UAB,12,0
883,2011,Xavier,6,0
830,2011,George Mason,8,1
818,2011,Arizona,5,3
816,2011,Akron,15,0
817,2011,Alabama St.,16,0
833,2011,Gonzaga,11,1
771,2012,Kentucky,1,6
802,2012,Syracuse,1,3
801,2012,St. Bonaventure,14,0
800,2012,Southern Miss,9,0
799,2012,South Florida,12,1
798,2012,South Dakota St.,14,0
797,2012,San Diego St.,6,0
796,2012,Saint Mary's,7,0
795,2012,Saint Louis,9,1
794,2012,Purdue,10,1
793,2012,Ohio St.,2,4
792,2012,Ohio,13,2
791,2012,Notre Dame,7,0
758,2012,Davidson,13,0
757,2012,Creighton,8,1
756,2012,Connecticut,9,0
755,2012,Colorado St.,11,0
786,2012,New Mexico,5,1
785,2012,Murray St.,6,1
784,2012,Montana,13,0
783,2012,Missouri,2,0
782,2012,Mississippi Valley St.,16,0
781,2012,Michigan St.,1,2
780,2012,Michigan,4,0
779,2012,Memphis,8,0
778,2012,Marquette,3,2
777,2012,Loyola MD,15,0
776,2012,Louisville,4,4
775,2012,Long Beach St.,12,0
754,2012,Colorado,11,1
753,2012,Cincinnati,6,2
752,2012,California,12,0
751,2012,BYU,14,0
750,2012,Belmont,14,0
749,2012,Baylor,3,3
748,2012,Alabama,9,0
770,2012,Kansas St.,8,1
769,2012,Kansas,2,5
768,2012,Iowa St.,8,1
767,2012,Iona,14,0
766,2012,Indiana,4,2
765,2012,Harvard,12,0
764,2012,Gonzaga,7,1
763,2012,Georgetown,3,1
762,2012,Florida St.,3,1
761,2012,Florida,7,3
760,2012,Duke,2,0
759,2012,Detroit,15,0
790,2012,North Carolina St.,11,2
789,2012,North Carolina,1,3
788,2012,Norfolk St.,15,1
787,2012,New Mexico St.,13,0
815,2012,Xavier,10,2
814,2012,Wisconsin,4,2
813,2012,Wichita St.,5,0
812,2012,Western Kentucky,16,0
811,2012,West Virginia,10,0
810,2012,Virginia,10,0
809,2012,Vermont,16,0
808,2012,VCU,12,1
807,2012,Vanderbilt,5,1
774,2012,LIU Brooklyn,16,0
773,2012,Lehigh,15,1
772,2012,Lamar,16,0
806,2012,UNLV,6,0
805,2012,UNC Asheville,16,0
804,2012,Texas,11,0
803,2012,Temple,5,0
724,2013,North Carolina St.,8,0
725,2013,Northwestern St.,14,0
726,2013,Notre Dame,7,0
739,2013,Temple,9,1
694,2013,Florida,3,3
693,2013,Duke,2,3
692,2013,Davidson,14,0
723,2013,North Carolina A&T,16,0
747,2013,Wisconsin,5,0
746,2013,Wichita St.,9,4
745,2013,Western Kentucky,16,0
744,2013,Villanova,9,0
743,2013,VCU,5,1
710,2013,Marquette,3,3
709,2013,Louisville,1,6
708,2013,LIU Brooklyn,16,0
727,2013,Ohio St.,2,3
728,2013,Oklahoma,10,0
729,2013,Oklahoma St.,5,0
730,2013,Oregon,12,2
711,2013,Memphis,6,1
712,2013,Miami FL,2,2
713,2013,Michigan,4,5
707,2013,Liberty,16,0
738,2013,Syracuse,4,4
737,2013,Southern,16,0
736,2013,South Dakota St.,13,0
735,2013,San Diego St.,7,1
734,2013,Saint Mary's,11,0
733,2013,Saint Louis,4,1
732,2013,Pittsburgh,8,0
731,2013,Pacific,15,0
691,2013,Creighton,7,1
697,2013,Gonzaga,1,1
696,2013,Georgetown,2,0
718,2013,Missouri,9,0
719,2013,Montana,13,0
720,2013,New Mexico,3,0
721,2013,New Mexico St.,13,0
722,2013,North Carolina,8,1
698,2013,Harvard,14,1
695,2013,Florida Gulf Coast,15,2
716,2013,Minnesota,11,1
715,2013,Middle Tennessee,11,0
714,2013,Michigan St.,3,2
717,2013,Mississippi,12,1
688,2013,Cincinnati,10,0
689,2013,Colorado,10,0
683,2013,Belmont,11,0
684,2013,Boise St.,13,0
685,2013,Bucknell,11,0
686,2013,Butler,6,1
687,2013,California,12,1
680,2013,Akron,12,0
682,2013,Arizona,6,2
681,2013,Albany,15,0
706,2013,La Salle,13,2
705,2013,Kansas St.,4,0
704,2013,Kansas,1,2
703,2013,James Madison,16,0
702,2013,Iowa St.,10,1
701,2013,Iona,15,0
700,2013,Indiana,1,2
699,2013,Illinois,7,1
690,2013,Colorado St.,8,1
741,2013,UNLV,5,0
740,2013,UCLA,6,0
742,2013,Valparaiso,14,0
671,2014,VCU,5,0
668,2014,Texas Southern,16,0
667,2014,Texas,7,1
670,2014,UCLA,4,2
643,2014,Michigan,2,3
612,2014,Albany,16,0
613,2014,American,15,0
614,2014,Arizona,1,3
661,2014,Saint Louis,5,1
672,2014,Villanova,2,1
673,2014,Virginia,1,2
674,2014,Weber St.,16,0
676,2014,Wichita St.,1,1
678,2014,Wofford,15,0
669,2014,Tulsa,13,0
679,2014,Xavier,12,0
675,2014,Western Michigan,14,0
644,2014,Michigan St.,4,3
645,2014,Milwaukee,15,0
646,2014,Mount St. Mary's,16,0
659,2014,Providence,11,0
628,2014,Florida,1,4
629,2014,George Washington,9,0
630,2014,Gonzaga,8,1
663,2014,Stanford,10,2
660,2014,Saint Joseph's,10,0
662,2014,San Diego St.,4,2
677,2014,Wisconsin,2,4
651,2014,North Carolina Central,14,0
652,2014,North Carolina St.,12,0
653,2014,North Dakota St.,12,1
654,2014,Ohio St.,6,0
655,2014,Oklahoma,5,0
656,2014,Oklahoma St.,9,0
657,2014,Oregon,7,1
658,2014,Pittsburgh,9,1
627,2014,Eastern Kentucky,15,0
633,2014,Iowa St.,3,2
632,2014,Iowa,11,0
631,2014,Harvard,12,1
647,2014,Nebraska,11,0
648,2014,New Mexico,7,0
649,2014,New Mexico St.,13,0
650,2014,North Carolina,6,1
634,2014,Kansas,2,1
641,2014,Memphis,8,1
640,2014,Massachusetts,6,0
622,2014,Connecticut,7,6
615,2014,Arizona St.,10,0
616,2014,Baylor,6,2
617,2014,BYU,10,0
618,2014,Cal Poly,16,0
638,2014,Louisville,4,2
637,2014,Louisiana Lafayette,14,0
636,2014,Kentucky,8,5
639,2014,Manhattan,13,0
635,2014,Kansas St.,9,0
664,2014,Stephen F. Austin,12,1
665,2014,Syracuse,3,1
666,2014,Tennessee,11,2
623,2014,Creighton,3,1
624,2014,Dayton,11,3
625,2014,Delaware,13,0
626,2014,Duke,3,0
620,2014,Coastal Carolina,16,0
621,2014,Colorado,8,0
619,2014,Cincinnati,5,0
642,2014,Mercer,14,1
562,2015,Gonzaga,2,3
561,2015,Georgia St.,14,1
560,2015,Georgia,10,0
554,2015,Coastal Carolina,16,0
551,2015,Butler,6,1
552,2015,BYU,11,0
553,2015,Cincinnati,8,1
555,2015,Davidson,10,0
597,2015,Texas Southern,15,0
596,2015,Texas,11,0
598,2015,UAB,14,1
559,2015,Georgetown,4,1
558,2015,Eastern Washington,13,0
557,2015,Duke,1,6
556,2015,Dayton,11,1
611,2015,Xavier,6,2
595,2015,Stephen F. Austin,12,0
564,2015,Harvard,13,0
565,2015,Indiana,10,0
566,2015,Iowa,7,1
599,2015,UC Irvine,13,0
580,2015,North Dakota St.,15,0
581,2015,North Florida,16,0
582,2015,Northeastern,14,0
603,2015,VCU,7,0
604,2015,Villanova,1,1
605,2015,Virginia,2,1
606,2015,West Virginia,5,2
607,2015,Wichita St.,7,2
608,2015,Wisconsin,1,5
609,2015,Wofford,12,0
610,2015,Wyoming,12,0
579,2015,North Carolina St.,8,2
548,2015,Belmont,15,0
549,2015,Boise St.,11,0
550,2015,Buffalo,12,0
583,2015,Northern Iowa,5,1
584,2015,Notre Dame,3,3
585,2015,Ohio St.,10,1
586,2015,Oklahoma,3,2
587,2015,Oklahoma St.,9,0
588,2015,Oregon,8,1
589,2015,Providence,6,0
590,2015,Purdue,9,0
591,2015,Robert Morris,16,0
592,2015,San Diego St.,8,1
593,2015,SMU,6,0
594,2015,St. John's,9,0
563,2015,Hampton,16,0
544,2015,Albany,14,0
545,2015,Arizona,2,3
546,2015,Arkansas,5,1
567,2015,Iowa St.,3,0
600,2015,UCLA,11,2
601,2015,Utah,5,2
602,2015,Valparaiso,13,0
570,2015,Lafayette,16,0
569,2015,Kentucky,1,4
568,2015,Kansas,2,1
571,2015,Louisville,4,3
575,2015,Michigan St.,7,4
572,2015,LSU,9,0
573,2015,Manhattan,16,0
574,2015,Maryland,4,1
578,2015,North Carolina,4,2
577,2015,New Mexico St.,15,0
576,2015,Mississippi,11,0
547,2015,Baylor,3,0
542,2016,Xavier,2,1
541,2016,Wisconsin,7,2
540,2016,Wichita St.,11,1
539,2016,West Virginia,3,0
522,2016,Stephen F. Austin,14,1
521,2016,Southern,16,0
520,2016,South Dakota St.,12,0
519,2016,Seton Hall,6,0
518,2016,Saint Joseph's,8,1
517,2016,Purdue,5,0
516,2016,Providence,9,1
515,2016,Pittsburgh,10,0
514,2016,Oregon St.,7,0
513,2016,Oregon,1,3
512,2016,Oklahoma,2,4
511,2016,Notre Dame,6,3
510,2016,Northern Iowa,11,1
509,2016,North Carolina,1,5
508,2016,Middle Tennessee,15,1
507,2016,Michigan St.,2,0
506,2016,Michigan,11,0
505,2016,Miami FL,3,2
504,2016,Maryland,5,2
503,2016,Little Rock,12,1
502,2016,Kentucky,4,1
501,2016,Kansas,1,3
500,2016,Iowa St.,4,2
499,2016,Iowa,7,1
498,2016,Iona,13,0
497,2016,Indiana,5,2
496,2016,Holy Cross,16,0
495,2016,Hawaii,13,1
494,2016,Hampton,16,0
493,2016,Green Bay,14,0
492,2016,Gonzaga,11,2
491,2016,Fresno St.,14,0
490,2016,Florida Gulf Coast,16,0
489,2016,Fairleigh Dickinson,16,0
488,2016,Duke,4,2
487,2016,Dayton,7,0
486,2016,Connecticut,9,1
485,2016,Colorado,8,0
484,2016,Cincinnati,9,0
483,2016,Chattanooga,12,0
482,2016,California,4,0
481,2016,Cal St. Bakersfield,15,0
480,2016,Butler,9,1
479,2016,Buffalo,14,0
478,2016,Baylor,5,0
477,2016,Austin Peay,16,0
476,2016,Arizona,6,0
530,2016,UNC Asheville,15,0
529,2016,Tulsa,11,0
528,2016,Texas Tech,8,0
527,2016,Texas A&M,3,2
526,2016,Texas,6,0
525,2016,Temple,10,0
524,2016,Syracuse,10,4
523,2016,Stony Brook,13,0
534,2016,Vanderbilt,11,0
537,2016,Virginia,1,3
535,2016,VCU,10,1
536,2016,Villanova,2,6
538,2016,Weber St.,15,0
533,2016,Utah,3,1
532,2016,USC,8,0
531,2016,UNC Wilmington,13,0
543,2016,Yale,12,1
458,2017,Texas Southern,16,0
457,2017,South Dakota St.,16,0
456,2017,South Carolina,7,4
459,2017,Troy,15,0
454,2017,Seton Hall,9,0
453,2017,Saint Mary's,7,1
452,2017,Rhode Island,11,1
451,2017,Purdue,4,2
450,2017,Providence,11,0
449,2017,Princeton,12,0
448,2017,Oregon,3,4
455,2017,SMU,6,0
462,2017,UNC Wilmington,12,0
461,2017,UCLA,3,2
460,2017,UC Davis,16,0
443,2017,North Dakota,15,0
442,2017,North Carolina Central,16,0
441,2017,North Carolina,1,6
440,2017,New Orleans,16,0
439,2017,New Mexico St.,14,0
438,2017,Nevada,12,0
437,2017,Mount St. Mary's,16,0
436,2017,Minnesota,5,0
435,2017,Middle Tennessee,12,1
434,2017,Michigan St.,9,1
433,2017,Michigan,7,2
432,2017,Miami FL,8,0
431,2017,Maryland,6,0
430,2017,Marquette,10,0
429,2017,Louisville,2,1
428,2017,Kentucky,2,3
427,2017,Kent St.,14,0
426,2017,Kansas St.,11,0
425,2017,Kansas,1,3
424,2017,Jacksonville St.,15,0
423,2017,Iowa St.,5,1
422,2017,Iona,14,0
421,2017,Gonzaga,1,5
420,2017,Florida St.,3,1
419,2017,Florida Gulf Coast,14,0
418,2017,Florida,4,3
417,2017,East Tennessee St.,13,0
416,2017,Duke,2,1
447,2017,Oklahoma St.,10,0
446,2017,Notre Dame,5,1
445,2017,Northwestern,8,1
444,2017,Northern Kentucky,15,0
475,2017,Xavier,11,3
474,2017,Wisconsin,8,2
473,2017,Winthrop,13,0
472,2017,Wichita St.,10,1
471,2017,West Virginia,4,2
470,2017,Wake Forest,11,0
469,2017,Virginia Tech,9,0
468,2017,Virginia,5,1
467,2017,Villanova,1,1
466,2017,Vermont,13,0
465,2017,VCU,10,0
464,2017,Vanderbilt,9,0
463,2017,USC,11,1
415,2017,Dayton,7,0
408,2017,Arizona,2,2
409,2017,Arkansas,8,1
410,2017,Baylor,3,2
411,2017,Bucknell,13,0
412,2017,Butler,4,2
413,2017,Cincinnati,6,1
414,2017,Creighton,6,0
407,2018,Xavier,1,1
400,2018,UNC Greensboro,13,0
401,2018,Villanova,1,6
402,2018,Virginia,1,0
403,2018,Virginia Tech,8,0
404,2018,West Virginia,5,2
405,2018,Wichita St.,4,0
406,2018,Wright St.,14,0
399,2018,UMBC,16,1
381,2018,Penn,16,0
380,2018,Oklahoma,10,0
379,2018,Ohio St.,5,1
382,2018,Providence,10,0
398,2018,UCLA,11,0
396,2018,Texas Southern,16,0
397,2018,Texas Tech,3,3
390,2018,Stephen F. Austin,14,0
389,2018,St. Bonaventure,11,0
388,2018,South Dakota St.,12,0
395,2018,Texas A&M,7,2
394,2018,Texas,10,0
393,2018,Tennessee,3,1
392,2018,TCU,6,0
391,2018,Syracuse,11,2
367,2018,Marshall,13,1
368,2018,Miami FL,6,0
369,2018,Michigan,3,5
370,2018,Michigan St.,3,1
371,2018,Missouri,8,0
366,2018,Loyola Chicago,11,4
364,2018,Lipscomb,15,0
365,2018,LIU Brooklyn,16,0
358,2018,Gonzaga,4,2
357,2018,Georgia St.,15,0
356,2018,Florida St.,9,3
363,2018,Kentucky,5,2
362,2018,Kansas St.,9,3
361,2018,Kansas,1,4
360,2018,Iona,15,0
359,2018,Houston,6,1
351,2018,College of Charleston,13,0
352,2018,Creighton,8,0
353,2018,Davidson,12,0
354,2018,Duke,2,3
378,2018,North Carolina St.,9,0
377,2018,North Carolina Central,16,0
376,2018,North Carolina,2,1
375,2018,New Mexico St.,12,0
374,2018,Nevada,7,2
373,2018,Murray St.,12,0
372,2018,Montana,14,0
387,2018,Seton Hall,8,1
386,2018,San Diego St.,11,0
385,2018,Rhode Island,7,1
384,2018,Radford,16,0
383,2018,Purdue,2,2
341,2018,Arizona,4,0
342,2018,Arizona St.,11,0
340,2018,Alabama,9,1
347,2018,Butler,10,1
346,2018,Buffalo,13,1
345,2018,Bucknell,14,0
344,2018,Auburn,4,1
343,2018,Arkansas,7,0
349,2018,Cincinnati,2,1
348,2018,Cal St. Fullerton,15,0
350,2018,Clemson,5,2
355,2018,Florida,6,1
315,2019,Oklahoma,9,1
330,2019,Utah St.,8,0
329,2019,UCF,9,1
328,2019,UC Irvine,13,1
327,2019,Texas Tech,3,5
326,2019,Tennessee,2,2
325,2019,Temple,11,0
324,2019,Syracuse,8,0
323,2019,St. John's,11,0
322,2019,Seton Hall,10,0
321,2019,Saint Mary's,11,0
320,2019,Saint Louis,13,0
319,2019,Purdue,3,3
318,2019,Prairie View A&M,16,0
317,2019,Oregon,12,2
316,2019,Old Dominion,14,0
299,2019,Maryland,6,1
314,2019,Ohio St.,11,1
313,2019,Northern Kentucky,14,0
312,2019,Northeastern,13,0
311,2019,North Dakota St.,16,0
310,2019,North Carolina Central,16,0
309,2019,North Carolina,1,2
308,2019,New Mexico St.,12,0
307,2019,Nevada,7,0
306,2019,Murray St.,12,1
305,2019,Montana,15,0
304,2019,Mississippi St.,5,0
303,2019,Mississippi,8,0
302,2019,Minnesota,10,1
301,2019,Michigan St.,2,4
300,2019,Michigan,2,2
284,2019,Florida St.,4,2
285,2019,Gardner Webb,16,0
286,2019,Georgia St.,14,0
287,2019,Gonzaga,1,3
288,2019,Houston,3,2
289,2019,Iona,16,0
290,2019,Iowa,10,1
291,2019,Iowa St.,6,0
292,2019,Kansas,4,1
293,2019,Kansas St.,4,0
294,2019,Kentucky,2,3
295,2019,Liberty,12,1
296,2019,Louisville,7,0
297,2019,LSU,3,2
298,2019,Marquette,5,0
283,2019,Florida,10,1
276,2019,Belmont,11,0
277,2019,Bradley,15,0
278,2019,Buffalo,6,1
279,2019,Cincinnati,7,0
331,2019,VCU,8,0
282,2019,Fairleigh Dickinson,16,0
281,2019,Duke,1,3
280,2019,Colgate,15,0
272,2019,Abilene Christian,15,0
273,2019,Arizona St.,11,0
274,2019,Auburn,5,4
275,2019,Baylor,9,1
335,2019,Virginia Tech,4,2
334,2019,Virginia,1,6
333,2019,Villanova,6,1
332,2019,Vermont,13,0
339,2019,Yale,14,0
338,2019,Wofford,7,1
337,2019,Wisconsin,5,0
336,2019,Washington,9,1
213,2021,Colorado,5,1
214,2021,Connecticut,7,0
212,2021,Colgate,14,0
215,2021,Creighton,5,2
267,2021,Virginia Tech,10,0
218,2021,Eastern Washington,14,0
216,2021,Drake,11,0
217,2021,Drexel,16,0
268,2021,West Virginia,3,1
269,2021,Wichita St.,11,0
270,2021,Winthrop,12,0
271,2021,Wisconsin,9,1
252,2021,San Diego St.,6,0
253,2021,St. Bonaventure,9,0
254,2021,Syracuse,11,2
255,2021,Tennessee,5,0
256,2021,Texas,3,0
257,2021,Texas Southern,16,0
258,2021,Texas Tech,6,1
259,2021,UC Santa Barbara,12,0
207,2021,Arkansas,3,3
210,2021,Clemson,7,0
209,2021,BYU,6,0
208,2021,Baylor,1,6
264,2021,VCU,10,0
265,2021,Villanova,5,2
266,2021,Virginia,4,0
251,2021,Rutgers,10,1
235,2021,Michigan,1,3
236,2021,Michigan St.,11,0
238,2021,Morehead St.,14,0
237,2021,Missouri,9,0
240,2021,Norfolk St.,16,0
241,2021,North Carolina,8,0
242,2021,North Texas,13,1
239,2021,Mount St. Mary's,16,0
244,2021,Ohio St.,2,0
245,2021,Oklahoma,8,1
246,2021,Oklahoma St.,4,1
247,2021,Oral Roberts,15,2
248,2021,Oregon,7,2
249,2021,Oregon St.,12,3
250,2021,Purdue,4,0
243,2021,Ohio,13,1
219,2021,Florida,7,1
220,2021,Florida St.,4,2
222,2021,Georgia Tech,9,0
221,2021,Georgetown,12,0
224,2021,Grand Canyon,15,0
225,2021,Hartford,16,0
226,2021,Houston,2,4
223,2021,Gonzaga,1,5
260,2021,UCLA,11,4
261,2021,UNC Greensboro,13,0
262,2021,USC,6,3
263,2021,Utah St.,11,0
211,2021,Cleveland St.,15,0
204,2021,Abilene Christian,14,1
206,2021,Appalachian St.,16,0
205,2021,Alabama,2,2
234,2021,Maryland,10,1
233,2021,LSU,8,1
232,2021,Loyola Chicago,8,2
231,2021,Liberty,13,0
229,2021,Iowa,2,1
230,2021,Kansas,3,1
228,2021,Iona,15,0
227,2021,Illinois,1,1
175,2022,North Carolina,8,5
174,2022,Norfolk St.,16,0
173,2022,New Mexico St.,12,1
172,2022,Murray St.,7,1
171,2022,Montana St.,14,0
170,2022,Michigan St.,7,1
169,2022,Michigan,11,2
168,2022,Miami FL,10,3
167,2022,Memphis,9,1
166,2022,Marquette,9,0
165,2022,LSU,6,0
164,2022,Loyola Chicago,10,0
163,2022,Longwood,14,0
162,2022,Kentucky,2,0
161,2022,Kansas,1,6
160,2022,Jacksonville St.,15,0
159,2022,Iowa St.,11,2
190,2022,Texas,6,1
189,2022,Tennessee,3,1
188,2022,TCU,9,1
187,2022,South Dakota St.,13,0
186,2022,Seton Hall,8,0
185,2022,San Francisco,10,0
184,2022,San Diego St.,8,0
183,2022,Saint Peter's,15,3
182,2022,Saint Mary's,5,1
181,2022,Rutgers,11,0
180,2022,Richmond,12,1
179,2022,Purdue,3,2
178,2022,Providence,4,2
177,2022,Ohio St.,7,1
176,2022,Notre Dame,11,1
143,2022,Bryant,16,0
158,2022,Iowa,5,0
157,2022,Indiana,12,0
156,2022,Illinois,4,1
155,2022,Houston,5,3
154,2022,Gonzaga,1,2
153,2022,Georgia St.,16,0
152,2022,Duke,2,4
151,2022,Delaware,15,0
150,2022,Davidson,10,0
138,2022,Arizona,1,2
136,2022,Akron,13,0
140,2022,Auburn,2,1
141,2022,Baylor,1,1
142,2022,Boise St.,8,0
137,2022,Alabama,6,0
139,2022,Arkansas,4,3
146,2022,Colgate,14,0
149,2022,Creighton,9,1
148,2022,Connecticut,5,0
147,2022,Colorado St.,6,0
144,2022,Cal St. Fullerton,15,0
145,2022,Chattanooga,13,0
199,2022,Virginia Tech,11,0
200,2022,Wisconsin,3,1
201,2022,Wright St.,16,0
202,2022,Wyoming,12,0
203,2022,Yale,14,0
196,2022,USC,7,0
197,2022,Vermont,13,0
198,2022,Villanova,2,4
191,2022,Texas A&M Corpus Chris,16,0
192,2022,Texas Southern,16,0
193,2022,Texas Tech,3,2
194,2022,UAB,12,0
195,2022,UCLA,4,2
112,2023,Penn St.,10,1
113,2023,Pittsburgh,11,1
114,2023,Princeton,15,2
119,2023,Southeast Missouri St.,16,0
120,2023,TCU,6,1
121,2023,Tennessee,4,2
122,2023,Texas,2,3
123,2023,Texas A&M,7,0
124,2023,Texas A&M Corpus Chris,16,0
125,2023,Texas Southern,16,0
126,2023,UC Santa Barbara,14,0
95,2023,Kennesaw St.,14,0
96,2023,Kent St.,13,0
97,2023,Kentucky,6,1
98,2023,Louisiana Lafayette,13,0
115,2023,Providence,11,0
116,2023,Purdue,1,0
117,2023,Saint Mary's,5,1
118,2023,San Diego St.,5,5
103,2023,Michigan St.,7,2
104,2023,Mississippi St.,11,0
105,2023,Missouri,7,1
106,2023,Montana St.,14,0
107,2023,Nevada,11,0
108,2023,North Carolina St.,11,0
109,2023,Northern Kentucky,16,0
110,2023,Northwestern,7,1
111,2023,Oral Roberts,12,0
79,2023,Drake,12,0
94,2023,Kansas St.,3,3
93,2023,Kansas,1,1
92,2023,Iowa St.,6,0
91,2023,Iowa,8,0
90,2023,Iona,13,0
89,2023,Indiana,4,1
88,2023,Illinois,9,0
83,2023,Furman,13,1
86,2023,Houston,1,2
85,2023,Grand Canyon,14,0
84,2023,Gonzaga,3,3
68,2023,Alabama,1,2
69,2023,Arizona,2,0
70,2023,Arizona St.,11,0
76,2023,College of Charleston,12,0
81,2023,Fairleigh Dickinson,16,1
82,2023,Florida Atlantic,9,4
80,2023,Duke,5,1
99,2023,Marquette,2,1
100,2023,Maryland,8,1
101,2023,Memphis,8,0
102,2023,Miami FL,5,4
129,2023,USC,10,0
128,2023,UNC Asheville,15,0
127,2023,UCLA,2,2
130,2023,Utah St.,10,0
131,2023,VCU,12,0
132,2023,Vermont,15,0
133,2023,Virginia,4,0
134,2023,West Virginia,9,0
135,2023,Xavier,3,2
78,2023,Creighton,6,3
77,2023,Connecticut,4,6
71,2023,Arkansas,8,2
72,2023,Auburn,9,1
75,2023,Colgate,15,0
74,2023,Boise St.,10,0
73,2023,Baylor,3,1
87,2023,Howard,16,0
7,2024,Clemson,6,3
10,2024,Colorado,10,1
9,2024,College of Charleston,13,0
8,2024,Colgate,14,0
5,2024,Boise St.,10,0
6,2024,BYU,6,0
4,2024,Baylor,3,1
15,2024,Drake,10,0
3,2024,Auburn,4,0
29,2024,Kentucky,3,0
28,2024,Kansas,4,1
27,2024,James Madison,12,1
26,2024,Iowa St.,2,2
25,2024,Illinois,3,3
24,2024,Howard,16,0
23,2024,Houston,1,2
1,2024,Alabama,4,4
21,2024,Grambling St.,16,0
20,2024,Gonzaga,5,2
19,2024,Florida Atlantic,8,0
0,2024,Akron,14,0
2,2024,Arizona,2,2
30,2024,Long Beach St.,15,0
11,2024,Colorado St.,10,0
22,2024,Grand Canyon,12,1
18,2024,Florida,7,0
16,2024,Duke,4,3
17,2024,Duquesne,11,1
13,2024,Creighton,3,2
14,2024,Dayton,7,1
12,2024,Connecticut,1,6
49,2024,Samford,13,0
47,2024,Saint Mary's,5,0
48,2024,Saint Peter's,15,0
50,2024,San Diego St.,5,2
59,2024,UAB,12,0
60,2024,Utah St.,8,1
61,2024,Vermont,13,0
62,2024,Virginia,10,0
55,2024,Tennessee,2,3
31,2024,Longwood,16,0
32,2024,Marquette,2,2
34,2024,Michigan St.,9,1
33,2024,McNeese St.,12,0
52,2024,South Dakota St.,15,0
53,2024,Stetson,16,0
54,2024,TCU,9,0
51,2024,South Carolina,6,0
56,2024,Texas,7,1
57,2024,Texas A&M,9,1
58,2024,Texas Tech,6,0
63,2024,Wagner,16,0
64,2024,Washington St.,7,1
65,2024,Western Kentucky,15,0
66,2024,Wisconsin,5,0
67,2024,Yale,13,1
46,2024,Purdue,1,5
45,2024,Oregon,11,1
44,2024,Oakland,14,1
43,2024,Northwestern,9,1
41,2024,North Carolina,1,3
42,2024,North Carolina St.,11,4
40,2024,New Mexico,11,0
39,2024,Nevada,10,0
35,2024,Mississippi St.,8,0
38,2024,Nebraska,8,0
37,2024,Morehead St.,14,0
36,2024,Montana St.,16,0
